-- Riverbend Farmers Market — Lodestone capability demo
-- 0007: the demo data now lives in _load_demo_data() so the Platform Owner's
-- "Reset demo" button and seed.sql share one source of truth. reset_demo() is the
-- superadmin-guarded entry point exposed to the app over RPC.
--
-- Run this migration, then (re-)run seed.sql, which calls _load_demo_data().

create or replace function _load_demo_data() returns void
  language plpgsql security definer set search_path = public as $seed$
begin
  -- Clear domain rows (children first); vendors are upserted, not dropped.
  delete from product_categories;
  delete from announcements;
  delete from messages;
  delete from fees;
  delete from vendor_schedule;
  delete from vendor_offerings;
  delete from vendor_products;
  delete from seasonality;
  delete from market_dates;
  delete from markets;
  -- Drop any vendors a visitor applied for (anything outside the seeded 1–42).
  delete from vendors where id not in (
    select ('a0000000-0000-4000-8000-0000000000' || lpad(g::text, 2, '0'))::uuid
    from generate_series(1, 42) g
  );

  insert into product_categories (name, status, requested_by) values
    ('Vegetable', 'active', null), ('Fruit', 'active', null), ('Herb', 'active', null),
    ('Mushroom', 'active', null), ('Bread', 'active', null), ('Pastry', 'active', null),
    ('Meat', 'active', null), ('Eggs', 'active', null), ('Cheese', 'active', null),
    ('Dairy', 'active', null), ('Seafood', 'active', null), ('Prepared', 'active', null),
    ('Beverage', 'active', null), ('Coffee', 'active', null), ('Tea', 'active', null),
    ('Pantry', 'active', null), ('Flowers', 'active', null), ('Plant', 'active', null),
    ('Nuts', 'active', null), ('Grain', 'active', null), ('Body', 'active', null),
    ('Home', 'active', null), ('Confection', 'active', null), ('Pasta', 'active', null),
    ('Service', 'active', null), ('Art', 'active', null),
    ('Pickles & Ferments', 'pending', 'a0000000-0000-4000-8000-000000000010')
  on conflict (name) do nothing;

  insert into markets (id, name, day_of_week, season, hours, location, blurb, sort) values
    ('22220000-0000-4000-8000-000000000001', 'Saturday Market', 'Saturday', 'April – November', '9am – 1pm',
     'Willow Bend Park, riverside lawn', 'Our flagship market — 60+ vendors, live music, and the full harvest.', 1),
    ('22220000-0000-4000-8000-000000000002', 'Midweek Market', 'Wednesday', 'June – September', '3pm – 7pm',
     'Maple Square, downtown', 'A smaller after-work market for fresh dinner picks.', 2),
    ('22220000-0000-4000-8000-000000000003', 'Winter Market', 'Saturday', 'December – March (2nd & 4th Sat)', '10am – 2pm',
     'The Grange Hall, Orchard Avenue', 'Indoor cool-season produce, baked goods, and crafts.', 3);

  insert into vendors (id, slug, name, category, tagline, story, town, practices, market_days, image_url, email, status, featured) values
    ('a0000000-0000-4000-8000-000000000001', 'fern-hollow-farm', 'Fern Hollow Farm', 'Produce',
     'Diversified vegetables & cut flowers',
     'A third-generation 18-acre family farm in the coast range foothills. We grow over 40 vegetable varieties using no-spray, regenerative methods, and bring whatever was picked that morning.',
     'Philomath, OR', '{"Certified Organic","No-spray","Regenerative"}', '{"Saturday","Wednesday"}',
     'https://images.unsplash.com/photo-1488459716781-31db52582fe9?auto=format&fit=crop&w=900&q=70',
     'hello@fernhollow.demo', 'active', true),
    ('a0000000-0000-4000-8000-000000000002', 'rolling-oak-bakery', 'Rolling Oak Bakery', 'Bakery',
     'Wood-fired sourdough & pastry',
     'Naturally-leavened breads baked in a wood-fired oven, milled from Willamette Valley grain. Get there early — the morning buns sell out.',
     'Corvallis, OR', '{"Wood-fired","Local grain"}', '{"Saturday"}',
     'https://images.unsplash.com/photo-1509440159596-0249088772ff?auto=format&fit=crop&w=900&q=70',
     'bake@rollingoak.demo', 'active', true),
    ('a0000000-0000-4000-8000-000000000003', 'marys-peak-flowers', 'Mary''s Peak Flowers', 'Flowers',
     'Seasonal cut-flower bouquets',
     'Field-grown, no-spray cut flowers harvested at dawn. Subscriptions and custom bouquets for weddings and events.',
     'Philomath, OR', '{"No-spray","Field-grown"}', '{"Saturday","Wednesday"}',
     'https://images.unsplash.com/photo-1469259943454-aa100abba749?auto=format&fit=crop&w=900&q=70',
     'stems@maryspeak.demo', 'active', false),
    ('a0000000-0000-4000-8000-000000000004', 'alsea-valley-meats', 'Alsea Valley Meats', 'Meat & Eggs',
     'Pasture-raised meat & eggs',
     'Family ranch raising grass-fed beef, pastured pork, and free-range eggs in the Alsea valley. Whole/half shares available.',
     'Alsea, OR', '{"Pasture-raised","Grass-fed"}', '{"Saturday"}',
     'https://images.unsplash.com/photo-1607623814075-e51df1bdc82f?auto=format&fit=crop&w=900&q=70',
     'ranch@alseavalley.demo', 'active', false),
    ('a0000000-0000-4000-8000-000000000005', 'three-rivers-creamery', 'Three Rivers Creamery', 'Cheese & Dairy',
     'Farmstead cheese & yogurt',
     'A small grass-based dairy making aged and fresh cheeses, cultured butter, and whole-milk yogurt.',
     'Albany, OR', '{"Grass-fed","Farmstead"}', '{"Saturday","Wednesday"}',
     'https://images.unsplash.com/photo-1486297678162-eb2a19b0a32d?auto=format&fit=crop&w=900&q=70',
     'cheese@threerivers.demo', 'active', false),
    ('a0000000-0000-4000-8000-000000000006', 'willamette-mushrooms', 'Willamette Mushrooms', 'Mushrooms',
     'Specialty & wild mushrooms',
     'Indoor-grown lion''s mane, oyster, and shiitake, plus foraged seasonal wild mushrooms. Grow kits available.',
     'Corvallis, OR', '{"Indoor-grown","Foraged"}', '{"Saturday"}',
     'https://images.unsplash.com/photo-1518882570151-12af3cdb5cf3?auto=format&fit=crop&w=900&q=70',
     'fungi@willamette.demo', 'active', true),
    ('a0000000-0000-4000-8000-000000000007', 'sunbow-orchard', 'Sunbow Orchard', 'Orchard & Fruit',
     'Tree fruit, berries & cider',
     'A hillside orchard growing apples, pears, cherries, and berries with integrated pest management. Fresh-pressed cider in fall.',
     'Lebanon, OR', '{"IPM","Family orchard"}', '{"Saturday"}',
     'https://images.unsplash.com/photo-1570913149827-d2ac84ab3f9a?auto=format&fit=crop&w=900&q=70',
     'fruit@sunbow.demo', 'active', false),
    ('a0000000-0000-4000-8000-000000000008', 'masala-cart', 'Masala Cart', 'Prepared Foods',
     'Hot Indian street food',
     'Made-to-order chaat, samosas, and seasonal thali built from other vendors'' produce. Vegetarian and vegan options.',
     'Corvallis, OR', '{"Made-to-order","Vegetarian"}', '{"Saturday","Wednesday"}',
     'https://images.unsplash.com/photo-1601050690597-df0568f70950?auto=format&fit=crop&w=900&q=70',
     'eat@masalacart.demo', 'active', false),
    ('a0000000-0000-4000-8000-000000000009', 'cobblestone-gardens', 'Cobblestone Gardens', 'Produce',
     'Salad greens & root vegetables',
     'A market garden on two reclaimed city lots, growing intensive beds of greens, roots, and alliums for restaurants and the market.',
     'Corvallis, OR', '{"No-spray","Small-batch"}', '{"Saturday","Wednesday"}',
     'https://images.unsplash.com/photo-1518843875459-f738682238a6?auto=format&fit=crop&w=900&q=70',
     'grow@cobblestone.demo', 'active', false),
    ('a0000000-0000-4000-8000-000000000010', 'two-crows-farm', 'Two Crows Farm', 'Produce',
     'Heirloom & specialty veg',
     'A young couple farming six leased acres, trialing heirloom varieties and selling everything within a day of harvest.',
     'Monroe, OR', '{"No-spray","Heirloom"}', '{"Saturday"}',
     'https://images.unsplash.com/photo-1500651230702-0e2d8a49d4ad?auto=format&fit=crop&w=900&q=70',
     'hello@twocrows.demo', 'active', false),
    ('a0000000-0000-4000-8000-000000000011', 'hearthstone-bread', 'Hearthstone Bread Co.', 'Bakery',
     'Hearth loaves & laminated pastry',
     'Small-batch breads and croissants from a converted garage bakery. Everything is mixed by hand the night before.',
     'Albany, OR', '{"Small-batch","Hand-mixed"}', '{"Saturday","Wednesday"}',
     'https://images.unsplash.com/photo-1549931319-a545dcf3bc73?auto=format&fit=crop&w=900&q=70',
     'orders@hearthstone.demo', 'active', false),
    ('a0000000-0000-4000-8000-000000000012', 'coast-range-poultry', 'Coast Range Poultry', 'Meat & Eggs',
     'Pastured chicken, duck & eggs',
     'Mobile coops moved daily across the pasture. Whole birds, cuts, and the freshest eggs you''ll find.',
     'Blodgett, OR', '{"Pasture-raised","Soy-free"}', '{"Saturday"}',
     'https://images.unsplash.com/photo-1612170153139-6f881ff067e0?auto=format&fit=crop&w=900&q=70',
     'flock@coastrange.demo', 'active', false),
    ('a0000000-0000-4000-8000-000000000013', 'blue-mountain-berries', 'Blue Mountain Berries', 'Orchard & Fruit',
     'Strawberries, blues & caneberries',
     'A u-pick and market berry farm. June strawberries, then blueberries and marionberries all summer long.',
     'Lebanon, OR', '{"IPM","U-pick"}', '{"Saturday","Wednesday"}',
     'https://images.unsplash.com/photo-1464965911861-746a04b4bca6?auto=format&fit=crop&w=900&q=70',
     'berries@bluemountain.demo', 'active', true),
    ('a0000000-0000-4000-8000-000000000014', 'la-cocina-verde', 'La Cocina Verde', 'Prepared Foods',
     'Oaxacan tamales & street tacos',
     'A family cart serving handmade tamales, tacos, and elote built from the market''s own produce. Salsas made fresh each morning.',
     'Corvallis, OR', '{"Made-to-order","Family recipe"}', '{"Saturday","Wednesday"}',
     'https://images.unsplash.com/photo-1565299624946-b28f40a0ae38?auto=format&fit=crop&w=900&q=70',
     'hola@cocinaverde.demo', 'active', false),
    ('a0000000-0000-4000-8000-000000000015', 'beeline-apiary', 'Beeline Apiary', 'Honey & Preserves',
     'Raw honey, jam & beeswax',
     'Forty hives across valley orchards and wildflower meadows. Raw varietal honeys, small-batch preserves, and hand-poured beeswax candles.',
     'Tangent, OR', '{"Raw","Small-batch"}', '{"Saturday","Wednesday"}',
     'https://images.unsplash.com/photo-1587049352846-4a222e784d38?auto=format&fit=crop&w=900&q=70',
     'buzz@beeline.demo', 'active', true),
    ('a0000000-0000-4000-8000-000000000016', 'foghorn-coffee', 'Foghorn Coffee Roasters', 'Coffee & Tea',
     'Small-batch roasts & cold brew',
     'A two-person roastery dialing in single-origin beans on a vintage drum roaster. Cold brew on tap at the stand.',
     'Corvallis, OR', '{"Small-batch","Fair-trade"}', '{"Saturday","Wednesday"}',
     'https://images.unsplash.com/photo-1447933601403-0c6688de566e?auto=format&fit=crop&w=900&q=70',
     'beans@foghorn.demo', 'active', false),
    ('a0000000-0000-4000-8000-000000000017', 'greenwise-herbs', 'Greenwise Herbs & Starts', 'Herbs & Plants',
     'Culinary herbs & garden starts',
     'A backyard nursery raising organic herb plants, vegetable starts, and potted perennials for home gardeners.',
     'Philomath, OR', '{"Certified Organic","Peat-free"}', '{"Saturday"}',
     'https://images.unsplash.com/photo-1466692476868-aef1dfb1e735?auto=format&fit=crop&w=900&q=70',
     'plants@greenwise.demo', 'active', false),
    ('a0000000-0000-4000-8000-000000000018', 'yaquina-bay-seafood', 'Yaquina Bay Seafood', 'Seafood',
     'Day-boat fish & Dungeness crab',
     'Off-the-boat salmon, albacore, rockfish, and live Dungeness crab, iced and driven straight over the coast range.',
     'Newport, OR', '{"Day-boat","Wild-caught"}', '{"Saturday"}',
     'https://images.unsplash.com/photo-1535140728325-a4d3707eee61?auto=format&fit=crop&w=900&q=70',
     'fresh@yaquinabay.demo', 'active', false),
    ('a0000000-0000-4000-8000-000000000019', 'marigold-soapworks', 'Marigold Soapworks', 'Body & Home',
     'Goat-milk soap & herbal salves',
     'Cold-process soaps, salves, and candles made with goat milk and home-grown botanicals. Gentle, simple ingredients.',
     'Brownsville, OR', '{"Small-batch","Botanical"}', '{"Saturday","Wednesday"}',
     'https://images.unsplash.com/photo-1600857544200-b2f666a9a2ec?auto=format&fit=crop&w=900&q=70',
     'hello@marigoldsoap.demo', 'active', false),
    ('a0000000-0000-4000-8000-000000000020', 'stoneground-mill', 'Stoneground Mill & Nuts', 'Nuts & Grains',
     'Fresh-milled flour & hazelnuts',
     'Stone-milled flours, polenta, and rolled oats from regional grain, plus roasted Willamette Valley hazelnuts.',
     'Junction City, OR', '{"Stone-milled","Regional grain"}', '{"Saturday"}',
     'https://images.unsplash.com/photo-1574323347407-f5e1ad6d020b?auto=format&fit=crop&w=900&q=70',
     'mill@stoneground.demo', 'active', false),
    ('a0000000-0000-4000-8000-000000000021', 'sweet-pea-microgreens', 'Sweet Pea Microgreens', 'Produce',
     'Microgreens & shoots',
     'Indoor-grown microgreens and pea shoots harvested to order. New applicant for this season.',
     'Corvallis, OR', '{"Indoor-grown","Pesticide-free"}', '{"Saturday"}',
     'https://images.unsplash.com/photo-1530836369250-ef72a3f5cda8?auto=format&fit=crop&w=900&q=70',
     'hi@sweetpea.demo', 'pending', false),
    ('a0000000-0000-4000-8000-000000000022', 'driftwood-ferments', 'Driftwood Ferments', 'Honey & Preserves',
     'Kraut, kimchi & hot sauce',
     'Wild-fermented vegetables and small-batch hot sauce. Awaiting cottage-food paperwork review.',
     'Albany, OR', '{"Wild-fermented","Small-batch"}', '{"Saturday"}',
     'https://images.unsplash.com/photo-1605187344400-2c97f4d0f2c3?auto=format&fit=crop&w=900&q=70',
     'ferment@driftwood.demo', 'pending', false),
    ('a0000000-0000-4000-8000-000000000023', 'lapsed-larder', 'The Lapsed Larder', 'Prepared Foods',
     'Pies & hand pastries',
     'On hold — insurance lapsed mid-season. Suspended pending updated certificate.',
     'Sweet Home, OR', '{"Made-to-order"}', '{"Saturday"}',
     null,
     'pies@lapsedlarder.demo', 'suspended', false),
    ('a0000000-0000-4000-8000-000000000024', 'muddy-creek-gardens', 'Muddy Creek Gardens', 'Produce',
     'Summer squash, beans & sweet corn',
     'A creek-bottom market garden raising heat-loving summer crops on twelve no-till acres — squash, beans, cucumbers, and the first sweet corn of the year.',
     'Shedd, OR', '{"No-till","No-spray"}', '{"Saturday","Wednesday"}',
     'https://images.unsplash.com/photo-1500651230702-0e2d8a49d4ad?auto=format&fit=crop&w=900&q=70',
     'grow@muddycreek.demo', 'active', false),
    ('a0000000-0000-4000-8000-000000000025', 'hazel-dell-tomatoes', 'Hazel Dell Tomatoes', 'Produce',
     'Heirloom tomatoes & peppers',
     'Hoop-house and field tomatoes in dozens of heirloom varieties, plus sweet and hot peppers, tomatillos, and basil by the armful.',
     'Monroe, OR', '{"No-spray","Heirloom"}', '{"Saturday"}',
     'https://images.unsplash.com/photo-1488459716781-31db52582fe9?auto=format&fit=crop&w=900&q=70',
     'vines@hazeldell.demo', 'active', false),
    ('a0000000-0000-4000-8000-000000000026', 'three-sisters-kombucha', 'Three Sisters Kombucha', 'Beverages',
     'Kombucha & ginger beer on tap',
     'Small-batch kombucha, switchel, and ginger beer brewed with local fruit and honey. Bring a growler for a refill.',
     'Corvallis, OR', '{"Small-batch","Local fruit"}', '{"Saturday","Wednesday"}',
     'https://images.unsplash.com/photo-1447933601403-0c6688de566e?auto=format&fit=crop&w=900&q=70',
     'tap@threesisters.demo', 'active', true),
    ('a0000000-0000-4000-8000-000000000027', 'tangent-tofu', 'Tangent Tofu', 'Prepared Foods',
     'Fresh organic tofu & tempeh',
     'Block tofu, silken tofu, and tempeh pressed fresh each week from organic Oregon soybeans.',
     'Tangent, OR', '{"Certified Organic","Small-batch"}', '{"Saturday"}',
     'https://images.unsplash.com/photo-1486297678162-eb2a19b0a32d?auto=format&fit=crop&w=900&q=70',
     'hello@tangenttofu.demo', 'active', false),
    ('a0000000-0000-4000-8000-000000000028', 'calapooia-pasta', 'Calapooia Pasta', 'Prepared Foods',
     'Fresh egg pasta & ravioli',
     'Hand-rolled tagliatelle, pappardelle, and seasonal ravioli made with local eggs and stoneground flour.',
     'Albany, OR', '{"Small-batch","Local grain"}', '{"Saturday","Wednesday"}',
     'https://images.unsplash.com/photo-1574323347407-f5e1ad6d020b?auto=format&fit=crop&w=900&q=70',
     'ciao@calapooiapasta.demo', 'active', false),
    ('a0000000-0000-4000-8000-000000000029', 'marys-river-chocolates', 'Mary''s River Chocolates', 'Prepared Foods',
     'Bean-to-bar chocolate & truffles',
     'Single-origin chocolate roasted, ground, and tempered by hand. Truffles, sea-salt caramels, and drinking chocolate.',
     'Philomath, OR', '{"Bean-to-bar","Small-batch"}', '{"Saturday"}',
     'https://images.unsplash.com/photo-1549931319-a545dcf3bc73?auto=format&fit=crop&w=900&q=70',
     'cocoa@marysriver.demo', 'active', true),
    ('a0000000-0000-4000-8000-000000000030', 'sundance-salsa', 'Sundance Salsa Co.', 'Honey & Preserves',
     'Roasted salsa & hot sauce',
     'Fire-roasted salsas and small-batch hot sauce built from the market''s own peppers and tomatoes.',
     'Independence, OR', '{"Small-batch","No preservatives"}', '{"Saturday","Wednesday"}',
     'https://images.unsplash.com/photo-1565299624946-b28f40a0ae38?auto=format&fit=crop&w=900&q=70',
     'heat@sundancesalsa.demo', 'active', false),
    ('a0000000-0000-4000-8000-000000000031', 'willow-creek-lamb', 'Willow Creek Lamb', 'Meat & Eggs',
     'Grass-fed lamb & goat',
     'Pasture-raised lamb and goat moved across hill pasture all season — chops, ground, shanks, and merguez sausage.',
     'Monroe, OR', '{"Grass-fed","Pasture-raised"}', '{"Saturday"}',
     'https://images.unsplash.com/photo-1607623814075-e51df1bdc82f?auto=format&fit=crop&w=900&q=70',
     'ranch@willowcreeklamb.demo', 'active', false),
    ('a0000000-0000-4000-8000-000000000032', 'calico-hen-farm', 'Calico Hen Farm', 'Meat & Eggs',
     'Pasture eggs & broth',
     'A small flock of heritage hens on open pasture — rich-yolk eggs, the odd dozen of quail eggs, and slow-simmered bone broth.',
     'Halsey, OR', '{"Pasture-raised","Soy-free"}', '{"Saturday","Wednesday"}',
     'https://images.unsplash.com/photo-1612170153139-6f881ff067e0?auto=format&fit=crop&w=900&q=70',
     'cluck@calicohen.demo', 'active', false),
    ('a0000000-0000-4000-8000-000000000033', 'bramble-and-bloom', 'Bramble & Bloom', 'Flowers',
     'Field-grown seasonal bouquets',
     'A small flower farm growing peonies, sweet peas, dahlias, and zinnias for market bouquets and weekly subscriptions.',
     'Corvallis, OR', '{"No-spray","Field-grown"}', '{"Saturday","Wednesday"}',
     'https://images.unsplash.com/photo-1469259943454-aa100abba749?auto=format&fit=crop&w=900&q=70',
     'stems@brambleandbloom.demo', 'active', true),
    ('a0000000-0000-4000-8000-000000000034', 'filbert-hollow-nursery', 'Filbert Hollow Nursery', 'Herbs & Plants',
     'Native plants & veggie starts',
     'A peat-free nursery raising vegetable starts, culinary herbs, and Willamette Valley native plants for pollinator gardens.',
     'Philomath, OR', '{"Peat-free","Pesticide-free"}', '{"Saturday"}',
     'https://images.unsplash.com/photo-1466692476868-aef1dfb1e735?auto=format&fit=crop&w=900&q=70',
     'roots@filberthollow.demo', 'active', false),
    ('a0000000-0000-4000-8000-000000000035', 'steeping-room-tea', 'Steeping Room Tea', 'Coffee & Tea',
     'Herbal blends & matcha',
     'Hand-blended herbal tisanes, ceremonial matcha, and chai concentrate. Iced tea poured fresh at the stand.',
     'Corvallis, OR', '{"Small-batch","Organic"}', '{"Saturday","Wednesday"}',
     'https://images.unsplash.com/photo-1447933601403-0c6688de566e?auto=format&fit=crop&w=900&q=70',
     'steep@steepingroom.demo', 'active', false),
    ('a0000000-0000-4000-8000-000000000036', 'corvallis-crepe-co', 'Corvallis Crepe Co.', 'Prepared Foods',
     'Sweet & savory crepes',
     'Made-to-order crepes — ham and gruyère, market-berry, lemon-sugar — cooked on the griddle while you watch.',
     'Corvallis, OR', '{"Made-to-order","Local produce"}', '{"Saturday","Wednesday"}',
     'https://images.unsplash.com/photo-1601050690597-df0568f70950?auto=format&fit=crop&w=900&q=70',
     'bonjour@corvalliscrepe.demo', 'active', true),
    ('a0000000-0000-4000-8000-000000000037', 'honeycrisp-hill-orchard', 'Honeycrisp Hill Orchard', 'Orchard & Fruit',
     'Stone fruit & heirloom apples',
     'A hillside orchard growing peaches, apricots, plums, and dozens of heirloom apples with integrated pest management.',
     'Lebanon, OR', '{"IPM","Family orchard"}', '{"Saturday"}',
     'https://images.unsplash.com/photo-1570913149827-d2ac84ab3f9a?auto=format&fit=crop&w=900&q=70',
     'fruit@honeycrisphill.demo', 'active', false),
    ('a0000000-0000-4000-8000-000000000038', 'edge-and-anvil-sharpening', 'Edge & Anvil Sharpening', 'Services',
     'Knife, scissor & tool sharpening',
     'A traveling sharpening booth — drop off your kitchen knives, garden tools, and scissors and pick them up razor-sharp before you head home.',
     'Corvallis, OR', '{"Walk-up","Same-day"}', '{"Saturday"}',
     null,
     'sharpen@edgeandanvil.demo', 'active', false),
    ('a0000000-0000-4000-8000-000000000039', 'riverside-cyclery', 'Riverside Cyclery', 'Services',
     'Mobile bike tune-ups & repairs',
     'A pop-up bike shop fixing flats, dialing in brakes, and tuning gears while you shop. Rolling toolkit, no appointment needed.',
     'Corvallis, OR', '{"Walk-up","Mobile"}', '{"Saturday"}',
     null,
     'fix@riversidecyclery.demo', 'active', false),
    ('a0000000-0000-4000-8000-000000000040', 'stillwater-chair-massage', 'Stillwater Chair Massage', 'Services',
     'Seated chair massage',
     'Licensed massage therapists offering 10- to 30-minute seated sessions in the shade. Walk up or add your name to the clipboard.',
     'Albany, OR', '{"Licensed","Walk-up"}', '{"Saturday","Wednesday"}',
     null,
     'relax@stillwatermassage.demo', 'active', false),
    ('a0000000-0000-4000-8000-000000000041', 'kestrel-studio-prints', 'Kestrel Studio Prints', 'Art & Crafts',
     'Local art prints & cards',
     'Hand-pulled linocuts, watercolor prints, and greeting cards of Willamette Valley landscapes and farm life. Originals by commission.',
     'Philomath, OR', '{"Handmade","Original art"}', '{"Saturday"}',
     null,
     'hello@kestrelstudio.demo', 'active', false),
    ('a0000000-0000-4000-8000-000000000042', 'cascade-tree-farm', 'Cascade Tree Farm', 'Trees & Nursery',
     'Fruit, shade & native trees',
     'Bare-root and potted fruit trees, natives, and shade trees raised at a family nursery — with planting advice included at the booth.',
     'Lebanon, OR', '{"Family-run","Peat-free"}', '{"Saturday"}',
     null,
     'trees@cascadetreefarm.demo', 'active', false)
  on conflict (id) do update set
    slug = excluded.slug, name = excluded.name, category = excluded.category,
    tagline = excluded.tagline, story = excluded.story, town = excluded.town,
    practices = excluded.practices, market_days = excluded.market_days,
    image_url = excluded.image_url, logo_url = excluded.logo_url,
    email = excluded.email, status = excluded.status, featured = excluded.featured;

  insert into vendor_products (vendor_id, name, category, unit, price_cents, in_season, sort) values
    ('a0000000-0000-4000-8000-000000000001', 'Sugar snap peas', 'Vegetable', 'lb', 600, true, 1),
    ('a0000000-0000-4000-8000-000000000001', 'Rainbow chard', 'Vegetable', 'bunch', 350, true, 2),
    ('a0000000-0000-4000-8000-000000000001', 'Butterhead lettuce', 'Vegetable', 'head', 300, true, 3),
    ('a0000000-0000-4000-8000-000000000001', 'French breakfast radishes', 'Vegetable', 'bunch', 300, true, 4),
    ('a0000000-0000-4000-8000-000000000001', 'Garlic scapes', 'Vegetable', 'bunch', 400, true, 5),
    ('a0000000-0000-4000-8000-000000000001', 'Mixed dahlia bouquet', 'Flowers', 'each', 1500, false, 6),
    ('a0000000-0000-4000-8000-000000000001', 'Heirloom tomatoes', 'Vegetable', 'lb', 500, false, 7),
    ('a0000000-0000-4000-8000-000000000002', 'Country sourdough', 'Bread', 'loaf', 800, true, 1),
    ('a0000000-0000-4000-8000-000000000002', 'Morning buns', 'Pastry', 'each', 450, true, 2),
    ('a0000000-0000-4000-8000-000000000002', 'Seeded rye', 'Bread', 'loaf', 850, true, 3),
    ('a0000000-0000-4000-8000-000000000002', 'Baguette', 'Bread', 'each', 500, true, 4),
    ('a0000000-0000-4000-8000-000000000003', 'Market bouquet', 'Flowers', 'each', 1800, true, 1),
    ('a0000000-0000-4000-8000-000000000003', 'Peony bunch', 'Flowers', 'bunch', 2200, true, 2),
    ('a0000000-0000-4000-8000-000000000003', 'Bud vase', 'Flowers', 'each', 900, true, 3),
    ('a0000000-0000-4000-8000-000000000003', 'Sunflower bunch', 'Flowers', 'bunch', 1500, false, 4),
    ('a0000000-0000-4000-8000-000000000004', 'Pastured eggs', 'Eggs', 'dozen', 700, true, 1),
    ('a0000000-0000-4000-8000-000000000004', 'Ground beef', 'Meat', 'lb', 950, true, 2),
    ('a0000000-0000-4000-8000-000000000004', 'Pork chops', 'Meat', 'lb', 1300, true, 3),
    ('a0000000-0000-4000-8000-000000000004', 'Bacon', 'Meat', 'lb', 1200, true, 4),
    ('a0000000-0000-4000-8000-000000000005', 'Aged cheddar', 'Cheese', 'wedge', 1100, true, 1),
    ('a0000000-0000-4000-8000-000000000005', 'Fresh chèvre', 'Cheese', 'each', 900, true, 2),
    ('a0000000-0000-4000-8000-000000000005', 'Cultured butter', 'Dairy', 'each', 700, true, 3),
    ('a0000000-0000-4000-8000-000000000005', 'Whole-milk yogurt', 'Dairy', 'quart', 600, true, 4),
    ('a0000000-0000-4000-8000-000000000006', 'Lion''s mane', 'Mushroom', 'lb', 1600, true, 1),
    ('a0000000-0000-4000-8000-000000000006', 'Blue oyster', 'Mushroom', 'lb', 1400, true, 2),
    ('a0000000-0000-4000-8000-000000000006', 'Shiitake', 'Mushroom', 'lb', 1500, true, 3),
    ('a0000000-0000-4000-8000-000000000006', 'Grow-at-home kit', 'Mushroom', 'each', 2500, true, 4),
    ('a0000000-0000-4000-8000-000000000007', 'Cherries', 'Fruit', 'lb', 600, true, 1),
    ('a0000000-0000-4000-8000-000000000007', 'Honeycrisp apples', 'Fruit', 'lb', 350, false, 2),
    ('a0000000-0000-4000-8000-000000000007', 'Bartlett pears', 'Fruit', 'lb', 350, false, 3),
    ('a0000000-0000-4000-8000-000000000007', 'Fresh cider', 'Beverage', 'each', 800, false, 4),
    ('a0000000-0000-4000-8000-000000000008', 'Samosa plate', 'Prepared', 'each', 900, true, 1),
    ('a0000000-0000-4000-8000-000000000008', 'Chana chaat', 'Prepared', 'each', 1000, true, 2),
    ('a0000000-0000-4000-8000-000000000008', 'Veg thali', 'Prepared', 'each', 1400, true, 3),
    ('a0000000-0000-4000-8000-000000000008', 'Mango lassi', 'Beverage', 'each', 600, true, 4),
    ('a0000000-0000-4000-8000-000000000009', 'Salad mix', 'Vegetable', 'bag', 600, true, 1),
    ('a0000000-0000-4000-8000-000000000009', 'Heirloom carrots', 'Vegetable', 'bunch', 350, true, 2),
    ('a0000000-0000-4000-8000-000000000009', 'Spring onions', 'Vegetable', 'bunch', 300, true, 3),
    ('a0000000-0000-4000-8000-000000000009', 'Lacinato kale', 'Vegetable', 'bunch', 350, true, 4),
    ('a0000000-0000-4000-8000-000000000010', 'Rainbow beets', 'Vegetable', 'bunch', 350, true, 1),
    ('a0000000-0000-4000-8000-000000000010', 'New potatoes', 'Vegetable', 'lb', 400, true, 2),
    ('a0000000-0000-4000-8000-000000000010', 'Fava beans', 'Vegetable', 'lb', 500, true, 3),
    ('a0000000-0000-4000-8000-000000000010', 'Sugar snap peas', 'Vegetable', 'lb', 600, true, 4),
    ('a0000000-0000-4000-8000-000000000011', 'Sourdough boule', 'Bread', 'loaf', 800, true, 1),
    ('a0000000-0000-4000-8000-000000000011', 'Butter croissant', 'Pastry', 'each', 450, true, 2),
    ('a0000000-0000-4000-8000-000000000011', 'Focaccia', 'Bread', 'each', 700, true, 3),
    ('a0000000-0000-4000-8000-000000000011', 'Cinnamon roll', 'Pastry', 'each', 500, true, 4),
    ('a0000000-0000-4000-8000-000000000012', 'Free-range eggs', 'Eggs', 'dozen', 750, true, 1),
    ('a0000000-0000-4000-8000-000000000012', 'Whole chicken', 'Meat', 'each', 1900, true, 2),
    ('a0000000-0000-4000-8000-000000000012', 'Chicken thighs', 'Meat', 'lb', 1100, true, 3),
    ('a0000000-0000-4000-8000-000000000012', 'Duck eggs', 'Eggs', 'dozen', 900, true, 4),
    ('a0000000-0000-4000-8000-000000000013', 'Strawberries', 'Fruit', 'pint', 500, true, 1),
    ('a0000000-0000-4000-8000-000000000013', 'Blueberries', 'Fruit', 'pint', 600, false, 2),
    ('a0000000-0000-4000-8000-000000000013', 'Marionberries', 'Fruit', 'pint', 700, false, 3),
    ('a0000000-0000-4000-8000-000000000013', 'Raspberries', 'Fruit', 'pint', 650, false, 4),
    ('a0000000-0000-4000-8000-000000000014', 'Tamale plate', 'Prepared', 'each', 1000, true, 1),
    ('a0000000-0000-4000-8000-000000000014', 'Street tacos (3)', 'Prepared', 'each', 1100, true, 2),
    ('a0000000-0000-4000-8000-000000000014', 'Elote', 'Prepared', 'each', 600, true, 3),
    ('a0000000-0000-4000-8000-000000000014', 'Horchata', 'Beverage', 'each', 500, true, 4),
    ('a0000000-0000-4000-8000-000000000015', 'Wildflower honey', 'Pantry', 'jar', 1200, true, 1),
    ('a0000000-0000-4000-8000-000000000015', 'Blackberry jam', 'Pantry', 'jar', 800, true, 2),
    ('a0000000-0000-4000-8000-000000000015', 'Honeycomb', 'Pantry', 'each', 1500, true, 3),
    ('a0000000-0000-4000-8000-000000000015', 'Beeswax candles', 'Home', 'each', 1000, true, 4),
    ('a0000000-0000-4000-8000-000000000016', 'Whole-bean coffee', 'Coffee', 'bag', 1600, true, 1),
    ('a0000000-0000-4000-8000-000000000016', 'Cold brew', 'Beverage', 'each', 500, true, 2),
    ('a0000000-0000-4000-8000-000000000016', 'Loose-leaf tea', 'Tea', 'tin', 1200, true, 3),
    ('a0000000-0000-4000-8000-000000000016', 'Drip coffee', 'Beverage', 'each', 300, true, 4),
    ('a0000000-0000-4000-8000-000000000017', 'Basil start', 'Plant', 'each', 400, true, 1),
    ('a0000000-0000-4000-8000-000000000017', 'Tomato start', 'Plant', 'each', 500, true, 2),
    ('a0000000-0000-4000-8000-000000000017', 'Potted mint', 'Plant', 'each', 600, true, 3),
    ('a0000000-0000-4000-8000-000000000017', 'Cut herb bundle', 'Herb', 'bunch', 500, true, 4),
    ('a0000000-0000-4000-8000-000000000018', 'Wild king salmon', 'Seafood', 'lb', 1800, true, 1),
    ('a0000000-0000-4000-8000-000000000018', 'Dungeness crab', 'Seafood', 'each', 2200, true, 2),
    ('a0000000-0000-4000-8000-000000000018', 'Albacore tuna', 'Seafood', 'lb', 1500, true, 3),
    ('a0000000-0000-4000-8000-000000000018', 'Bay shrimp', 'Seafood', 'lb', 1400, true, 4),
    ('a0000000-0000-4000-8000-000000000019', 'Goat-milk soap', 'Body', 'bar', 700, true, 1),
    ('a0000000-0000-4000-8000-000000000019', 'Lavender salve', 'Body', 'each', 1100, true, 2),
    ('a0000000-0000-4000-8000-000000000019', 'Beeswax lip balm', 'Body', 'each', 500, true, 3),
    ('a0000000-0000-4000-8000-000000000019', 'Soy candle', 'Home', 'each', 1400, true, 4),
    ('a0000000-0000-4000-8000-000000000020', 'Stoneground flour', 'Grain', 'bag', 600, true, 1),
    ('a0000000-0000-4000-8000-000000000020', 'Roasted hazelnuts', 'Nuts', 'bag', 900, true, 2),
    ('a0000000-0000-4000-8000-000000000020', 'Polenta', 'Grain', 'bag', 500, true, 3),
    ('a0000000-0000-4000-8000-000000000020', 'Rolled oats', 'Grain', 'bag', 450, true, 4);

  -- Seasonal products auto-flip by month; year-round items keep season_months empty.
  update vendor_products set season_months = '{5,6}'     where name in ('Strawberries', 'Sugar snap peas', 'Garlic scapes', 'Fava beans');
  update vendor_products set season_months = '{6,7}'     where name in ('Cherries', 'Raspberries');
  update vendor_products set season_months = '{6,7,8}'   where name in ('Blueberries');
  update vendor_products set season_months = '{7,8}'     where name in ('Marionberries');
  update vendor_products set season_months = '{7,8,9}'   where name in ('Heirloom tomatoes', 'Mixed dahlia bouquet', 'Sunflower bunch');
  update vendor_products set season_months = '{9,10,11}' where name in ('Honeycrisp apples');
  update vendor_products set season_months = '{9,10}'    where name in ('Bartlett pears');
  update vendor_products set season_months = '{10,11}'   where name in ('Fresh cider');

  insert into seasonality (item, category, emoji, status, months, note, sort) values
    ('Tamales & tacos',  'Prepared Food', '🌮', 'ready', '{1,2,3,4,5,6,7,8,9,10,11,12}', 'La Cocina Verde — made to order', 1),
    ('Samosas & chaat',  'Prepared Food', '🥟', 'ready', '{1,2,3,4,5,6,7,8,9,10,11,12}', 'Masala Cart — veg & vegan', 2),
    ('Cold brew coffee', 'Prepared Food', '☕', 'ready', '{1,2,3,4,5,6,7,8,9,10,11,12}', 'Foghorn Coffee Roasters', 3),
    ('Strawberries',    'Fruit',     '🍓', 'peak',   '{5,6}',                          'Hood berries — eat within two days', 1),
    ('Sugar snap peas', 'Vegetable', '🫛', 'peak',   '{5,6}',                          'Sweetest right now', 2),
    ('Salad greens',    'Vegetable', '🥬', 'peak',   '{4,5,6,7,8,9,10}',               'All season long', 3),
    ('Garlic scapes',   'Vegetable', '🧄', 'peak',   '{6}',                            'A two-week window only', 4),
    ('Rhubarb',         'Vegetable', '🥧', 'peak',   '{4,5,6}',                        null, 5),
    ('Fava beans',      'Vegetable', '🫘', 'peak',   '{5,6}',                          null, 6),
    ('Spring onions',   'Vegetable', '🧅', 'peak',   '{5,6}',                          null, 7),
    ('Radishes',        'Vegetable', null, 'peak',   '{4,5,6,9,10}',                   null, 8),
    ('Carrots',         'Vegetable', '🥕', 'peak',   '{6,7,8,9,10}',                   null, 9),
    ('Beets',           'Vegetable', null, 'peak',   '{6,7,8,9,10}',                   null, 10),
    ('New potatoes',    'Vegetable', '🥔', 'coming', '{6,7}',                          'First digs any day', 11),
    ('Asparagus',       'Vegetable', '🌱', 'ending', '{4,5,6}',                        'Last couple weeks', 12),
    ('Cherries',        'Fruit',     '🍒', 'coming', '{6,7}',                          'First pickings any day', 13),
    ('Blueberries',     'Fruit',     '🫐', 'coming', '{6,7,8}',                        null, 14),
    ('Raspberries',     'Fruit',     null, 'coming', '{6,7}',                          null, 15),
    ('Marionberries',   'Fruit',     null, 'coming', '{7,8}',                          'The Oregon classic', 16),
    ('Tomatoes',        'Fruit',     '🍅', 'coming', '{7,8,9}',                        'Hoop-house first', 17),
    ('Zucchini',        'Vegetable', '🥒', 'coming', '{7,8,9}',                        null, 18),
    ('Sweet corn',      'Vegetable', '🌽', 'coming', '{8,9}',                          null, 19),
    ('Basil',           'Herb',      '🌿', 'coming', '{6,7,8}',                        null, 20),
    ('Cilantro',        'Herb',      '🌿', 'peak',   '{5,6,9,10}',                     null, 21),
    ('Peonies',         'Flowers',   '🌸', 'peak',   '{5,6}',                          'Cut tight, they open for days', 22),
    ('Dahlias',         'Flowers',   '🌼', 'coming', '{7,8,9}',                        null, 23),
    ('Hazelnuts',       'Nuts',      '🌰', 'coming', '{10}',                           'Fall harvest', 24),
    ('Honey',           'Pantry',    '🍯', 'peak',   '{1,2,3,4,5,6,7,8,9,10,11,12}',   'Spring wildflower', 25);

  insert into market_dates (id, market_id, date, label, sort) values
    ('33330000-0000-4000-8000-000000000001', '22220000-0000-4000-8000-000000000001', '2026-06-13', null, 1),
    ('33330000-0000-4000-8000-000000000002', '22220000-0000-4000-8000-000000000001', '2026-06-20', null, 2),
    ('33330000-0000-4000-8000-000000000003', '22220000-0000-4000-8000-000000000001', '2026-06-27', null, 3),
    ('33330000-0000-4000-8000-000000000004', '22220000-0000-4000-8000-000000000001', '2026-07-04', 'Independence Day market', 4),
    ('33330000-0000-4000-8000-000000000005', '22220000-0000-4000-8000-000000000001', '2026-07-11', null, 5),
    ('33330000-0000-4000-8000-000000000006', '22220000-0000-4000-8000-000000000002', '2026-06-17', null, 6),
    ('33330000-0000-4000-8000-000000000007', '22220000-0000-4000-8000-000000000002', '2026-06-24', null, 7),
    ('33330000-0000-4000-8000-000000000008', '22220000-0000-4000-8000-000000000002', '2026-07-01', null, 8),
    ('33330000-0000-4000-8000-000000000009', '22220000-0000-4000-8000-000000000002', '2026-07-08', null, 9),
    -- Last week (past): copy sources so "Copy last market" is live on the current week.
    ('33330000-0000-4000-8000-000000000010', '22220000-0000-4000-8000-000000000001', '2026-06-06', null, 0),
    ('33330000-0000-4000-8000-000000000011', '22220000-0000-4000-8000-000000000002', '2026-06-03', null, 0);

  insert into vendor_schedule (vendor_id, market_date_id, status, stalls, note) values
    ('a0000000-0000-4000-8000-000000000001', '33330000-0000-4000-8000-000000000001', 'confirmed', '{B11,B12}', null),
    ('a0000000-0000-4000-8000-000000000001', '33330000-0000-4000-8000-000000000002', 'confirmed', '{B12}', null),
    ('a0000000-0000-4000-8000-000000000001', '33330000-0000-4000-8000-000000000003', 'declined',  '{}',  'Out of town that weekend'),
    ('a0000000-0000-4000-8000-000000000001', '33330000-0000-4000-8000-000000000006', 'confirmed', '{A1}', null),
    ('a0000000-0000-4000-8000-000000000001', '33330000-0000-4000-8000-000000000007', 'confirmed', '{A1}', null),
    ('a0000000-0000-4000-8000-000000000002', '33330000-0000-4000-8000-000000000001', 'confirmed', '{A3}',  null),
    ('a0000000-0000-4000-8000-000000000003', '33330000-0000-4000-8000-000000000001', 'confirmed', '{C5}',  null),
    ('a0000000-0000-4000-8000-000000000005', '33330000-0000-4000-8000-000000000001', 'confirmed', '{}',  null),
    ('a0000000-0000-4000-8000-000000000006', '33330000-0000-4000-8000-000000000001', 'confirmed', '{B7}',  null),
    ('a0000000-0000-4000-8000-000000000009', '33330000-0000-4000-8000-000000000001', 'confirmed', '{}',  null),
    ('a0000000-0000-4000-8000-000000000013', '33330000-0000-4000-8000-000000000001', 'confirmed', '{A8}',  null),
    ('a0000000-0000-4000-8000-000000000015', '33330000-0000-4000-8000-000000000001', 'pending',   '{}',  null),
    ('a0000000-0000-4000-8000-000000000002', '33330000-0000-4000-8000-000000000002', 'confirmed', '{A3}',  null),
    ('a0000000-0000-4000-8000-000000000005', '33330000-0000-4000-8000-000000000002', 'confirmed', '{D2}',  null),
    ('a0000000-0000-4000-8000-000000000006', '33330000-0000-4000-8000-000000000002', 'confirmed', '{B7}',  null),
    ('a0000000-0000-4000-8000-000000000013', '33330000-0000-4000-8000-000000000002', 'declined',  '{}',  null),
    ('a0000000-0000-4000-8000-000000000015', '33330000-0000-4000-8000-000000000002', 'confirmed', '{}',  null),
    -- Last Saturday (Jun 6): a prior lineup so "Copy last market" works on Jun 13.
    ('a0000000-0000-4000-8000-000000000001', '33330000-0000-4000-8000-000000000010', 'confirmed', '{B11,B12}', null),
    ('a0000000-0000-4000-8000-000000000002', '33330000-0000-4000-8000-000000000010', 'confirmed', '{A3}', null),
    ('a0000000-0000-4000-8000-000000000003', '33330000-0000-4000-8000-000000000010', 'confirmed', '{C5}', null),
    ('a0000000-0000-4000-8000-000000000004', '33330000-0000-4000-8000-000000000010', 'confirmed', '{D1}', null),
    ('a0000000-0000-4000-8000-000000000005', '33330000-0000-4000-8000-000000000010', 'confirmed', '{D2}', null),
    ('a0000000-0000-4000-8000-000000000006', '33330000-0000-4000-8000-000000000010', 'confirmed', '{B7}', null),
    ('a0000000-0000-4000-8000-000000000013', '33330000-0000-4000-8000-000000000010', 'confirmed', '{A8}', null),
    ('a0000000-0000-4000-8000-000000000016', '33330000-0000-4000-8000-000000000010', 'confirmed', '{C1}', null),
    -- Last Wednesday (Jun 3).
    ('a0000000-0000-4000-8000-000000000001', '33330000-0000-4000-8000-000000000011', 'confirmed', '{A1}', null),
    ('a0000000-0000-4000-8000-000000000003', '33330000-0000-4000-8000-000000000011', 'confirmed', '{C5}', null),
    ('a0000000-0000-4000-8000-000000000005', '33330000-0000-4000-8000-000000000011', 'confirmed', '{D2}', null),
    ('a0000000-0000-4000-8000-000000000016', '33330000-0000-4000-8000-000000000011', 'confirmed', '{B1}', null);

  insert into vendor_offerings (vendor_id, week_of, headline, items, note) values
    ('a0000000-0000-4000-8000-000000000001', '2026-06-06', 'Peak strawberry week',
     '{"Strawberries","Sugar snap peas","Butterhead lettuce","Rainbow chard"}',
     'Bringing extra strawberry flats — get there early.'),
    ('a0000000-0000-4000-8000-000000000001', '2026-05-30', 'First snap peas of the year',
     '{"Sugar snap peas","French breakfast radishes","Salad mix","Garlic scapes"}', null),
    ('a0000000-0000-4000-8000-000000000001', '2026-06-13', 'Strawberries are peaking',
     '{"Strawberries","Sugar snap peas","Garlic scapes","Rainbow chard"}', null),
    ('a0000000-0000-4000-8000-000000000002', '2026-06-13', 'Fresh sourdough & morning buns',
     '{"Country sourdough","Morning buns","Seeded rye"}', 'Get there early.'),
    ('a0000000-0000-4000-8000-000000000006', '2026-06-13', 'Lion''s mane is back',
     '{"Lion''s mane","Blue oyster","Shiitake"}', null),
    ('a0000000-0000-4000-8000-000000000013', '2026-06-13', 'First berries of the season',
     '{"Strawberries","Blueberries"}', 'U-pick open weekends.'),
    ('a0000000-0000-4000-8000-000000000015', '2026-06-13', 'New spring wildflower honey',
     '{"Wildflower honey","Honeycomb","Blackberry jam"}', null),
    ('a0000000-0000-4000-8000-000000000009', '2026-06-13', 'Greens & spring onions',
     '{"Salad mix","Spring onions","Heirloom carrots","Lacinato kale"}', null);

  insert into fees (vendor_id, period, description, amount_cents, status, due_date) values
    ('a0000000-0000-4000-8000-000000000001', 'June 2026',   'Stall fees — Saturday + Wednesday', 9000, 'due',  '2026-06-30'),
    ('a0000000-0000-4000-8000-000000000001', 'May 2026',    'Stall fees — Saturday + Wednesday', 9000, 'paid', '2026-05-31'),
    ('a0000000-0000-4000-8000-000000000001', 'Spring 2026', 'Annual vendor membership',          5000, 'paid', '2026-04-15'),
    ('a0000000-0000-4000-8000-000000000002', 'June 2026', 'Stall fees',                9000, 'due',  '2026-06-30'),
    ('a0000000-0000-4000-8000-000000000002', 'May 2026',  'Stall fees',                9000, 'paid', '2026-05-31'),
    ('a0000000-0000-4000-8000-000000000003', 'June 2026', 'Stall fees',                6000, 'due',  '2026-06-30'),
    ('a0000000-0000-4000-8000-000000000005', 'June 2026', 'Stall fees',                9000, 'due',  '2026-06-30'),
    ('a0000000-0000-4000-8000-000000000005', 'May 2026',  'Stall fees',                9000, 'paid', '2026-05-31'),
    ('a0000000-0000-4000-8000-000000000006', 'June 2026', 'Stall fees',                6000, 'due',  '2026-06-30'),
    ('a0000000-0000-4000-8000-000000000009', 'June 2026', 'Stall fees',                6000, 'paid', '2026-06-12'),
    ('a0000000-0000-4000-8000-000000000013', 'June 2026', 'Stall fees',                9000, 'due',  '2026-06-30'),
    ('a0000000-0000-4000-8000-000000000015', 'June 2026', 'Stall fees',                6000, 'due',  '2026-06-30'),
    ('a0000000-0000-4000-8000-000000000015', 'Spring 2026','Annual vendor membership', 5000, 'paid', '2026-04-15');

  insert into messages (vendor_id, sender, author_name, body, created_at) values
    ('a0000000-0000-4000-8000-000000000001', 'admin',  'Dana — Market Manager',
     'Welcome back for the season! Your Saturday stall is B12. Let us know if you need power access.', '2026-06-01 09:12-07'),
    ('a0000000-0000-4000-8000-000000000001', 'vendor', 'Fern Hollow Farm',
     'Thanks Dana! B12 is perfect. We will need power for the produce cooler this year.', '2026-06-01 14:40-07'),
    ('a0000000-0000-4000-8000-000000000001', 'admin',  'Dana — Market Manager',
     'Power is all set for B12. See you Saturday!', '2026-06-02 08:05-07');

  insert into announcements (title, body, audience, active) values
    ('🎶 Live music this Saturday', 'The Cedar Sisters play the main stage 10am–noon. Come early for the best produce.', 'public', true),
    ('Load-in moves to 7:30am', 'Starting June 20, vendor load-in opens at 7:30am. Shopper gates still open at 9.', 'vendors', true);

  -- ── Additional vendors (24–37): products, lineup, offerings & fees for a fuller market ──
  insert into vendor_products (vendor_id, name, category, unit, price_cents, in_season, sort) values
    ('a0000000-0000-4000-8000-000000000024', 'Zucchini', 'Vegetable', 'lb', 300, true, 1),
    ('a0000000-0000-4000-8000-000000000024', 'Green beans', 'Vegetable', 'lb', 450, true, 2),
    ('a0000000-0000-4000-8000-000000000024', 'Cucumbers', 'Vegetable', 'each', 150, true, 3),
    ('a0000000-0000-4000-8000-000000000024', 'Sweet corn', 'Vegetable', 'ear', 100, true, 4),
    ('a0000000-0000-4000-8000-000000000025', 'Heirloom tomatoes', 'Vegetable', 'lb', 500, true, 1),
    ('a0000000-0000-4000-8000-000000000025', 'Sweet peppers', 'Vegetable', 'lb', 450, true, 2),
    ('a0000000-0000-4000-8000-000000000025', 'Basil', 'Herb', 'bunch', 300, true, 3),
    ('a0000000-0000-4000-8000-000000000025', 'Tomatillos', 'Vegetable', 'lb', 400, true, 4),
    ('a0000000-0000-4000-8000-000000000026', 'Ginger kombucha', 'Beverage', 'bottle', 700, true, 1),
    ('a0000000-0000-4000-8000-000000000026', 'Ginger beer', 'Beverage', 'bottle', 600, true, 2),
    ('a0000000-0000-4000-8000-000000000026', 'Switchel', 'Beverage', 'bottle', 600, true, 3),
    ('a0000000-0000-4000-8000-000000000026', 'Growler refill', 'Beverage', 'each', 1400, true, 4),
    ('a0000000-0000-4000-8000-000000000027', 'Firm tofu', 'Prepared', 'block', 600, true, 1),
    ('a0000000-0000-4000-8000-000000000027', 'Silken tofu', 'Prepared', 'block', 600, true, 2),
    ('a0000000-0000-4000-8000-000000000027', 'Tempeh', 'Prepared', 'each', 700, true, 3),
    ('a0000000-0000-4000-8000-000000000027', 'Soy milk', 'Beverage', 'quart', 500, true, 4),
    ('a0000000-0000-4000-8000-000000000028', 'Tagliatelle', 'Pasta', 'each', 800, true, 1),
    ('a0000000-0000-4000-8000-000000000028', 'Cheese ravioli', 'Pasta', 'each', 1000, true, 2),
    ('a0000000-0000-4000-8000-000000000028', 'Pappardelle', 'Pasta', 'each', 800, true, 3),
    ('a0000000-0000-4000-8000-000000000028', 'Basil pesto', 'Pantry', 'jar', 900, true, 4),
    ('a0000000-0000-4000-8000-000000000029', 'Dark chocolate bar', 'Confection', 'each', 800, true, 1),
    ('a0000000-0000-4000-8000-000000000029', 'Sea-salt caramels', 'Confection', 'box', 1200, true, 2),
    ('a0000000-0000-4000-8000-000000000029', 'Truffle box', 'Confection', 'box', 1800, true, 3),
    ('a0000000-0000-4000-8000-000000000029', 'Drinking chocolate', 'Confection', 'tin', 1400, true, 4),
    ('a0000000-0000-4000-8000-000000000030', 'Roasted salsa', 'Pantry', 'jar', 800, true, 1),
    ('a0000000-0000-4000-8000-000000000030', 'Salsa verde', 'Pantry', 'jar', 800, true, 2),
    ('a0000000-0000-4000-8000-000000000030', 'Hot sauce', 'Pantry', 'bottle', 900, true, 3),
    ('a0000000-0000-4000-8000-000000000030', 'Salsa flight', 'Pantry', 'each', 1500, true, 4),
    ('a0000000-0000-4000-8000-000000000031', 'Lamb chops', 'Meat', 'lb', 1600, true, 1),
    ('a0000000-0000-4000-8000-000000000031', 'Ground lamb', 'Meat', 'lb', 1100, true, 2),
    ('a0000000-0000-4000-8000-000000000031', 'Lamb shanks', 'Meat', 'each', 1300, true, 3),
    ('a0000000-0000-4000-8000-000000000031', 'Merguez sausage', 'Meat', 'lb', 1400, true, 4),
    ('a0000000-0000-4000-8000-000000000032', 'Pasture eggs', 'Eggs', 'dozen', 750, true, 1),
    ('a0000000-0000-4000-8000-000000000032', 'Quail eggs', 'Eggs', 'dozen', 900, true, 2),
    ('a0000000-0000-4000-8000-000000000032', 'Stewing hen', 'Meat', 'each', 1600, true, 3),
    ('a0000000-0000-4000-8000-000000000032', 'Bone broth', 'Prepared', 'quart', 1000, true, 4),
    ('a0000000-0000-4000-8000-000000000033', 'Peony bouquet', 'Flowers', 'each', 2000, true, 1),
    ('a0000000-0000-4000-8000-000000000033', 'Sweet pea posy', 'Flowers', 'each', 1200, true, 2),
    ('a0000000-0000-4000-8000-000000000033', 'Zinnia bunch', 'Flowers', 'bunch', 1400, false, 3),
    ('a0000000-0000-4000-8000-000000000033', 'Bouquet subscription', 'Flowers', 'each', 8000, true, 4),
    ('a0000000-0000-4000-8000-000000000034', 'Tomato start', 'Plant', 'each', 500, true, 1),
    ('a0000000-0000-4000-8000-000000000034', 'Pepper start', 'Plant', 'each', 500, true, 2),
    ('a0000000-0000-4000-8000-000000000034', 'Lavender plant', 'Plant', 'each', 900, true, 3),
    ('a0000000-0000-4000-8000-000000000034', 'Native milkweed', 'Plant', 'each', 700, true, 4),
    ('a0000000-0000-4000-8000-000000000035', 'Herbal tisane', 'Tea', 'tin', 1200, true, 1),
    ('a0000000-0000-4000-8000-000000000035', 'Matcha', 'Tea', 'tin', 1800, true, 2),
    ('a0000000-0000-4000-8000-000000000035', 'Chai concentrate', 'Beverage', 'bottle', 900, true, 3),
    ('a0000000-0000-4000-8000-000000000035', 'Iced tea', 'Beverage', 'each', 400, true, 4),
    ('a0000000-0000-4000-8000-000000000036', 'Ham & gruyère crepe', 'Prepared', 'each', 1100, true, 1),
    ('a0000000-0000-4000-8000-000000000036', 'Berry crepe', 'Prepared', 'each', 1000, true, 2),
    ('a0000000-0000-4000-8000-000000000036', 'Lemon-sugar crepe', 'Prepared', 'each', 700, true, 3),
    ('a0000000-0000-4000-8000-000000000036', 'Nutella-banana crepe', 'Prepared', 'each', 900, true, 4),
    ('a0000000-0000-4000-8000-000000000037', 'Peaches', 'Fruit', 'lb', 400, true, 1),
    ('a0000000-0000-4000-8000-000000000037', 'Apricots', 'Fruit', 'lb', 500, true, 2),
    ('a0000000-0000-4000-8000-000000000037', 'Cherries', 'Fruit', 'lb', 600, true, 3),
    ('a0000000-0000-4000-8000-000000000037', 'Asian pears', 'Fruit', 'lb', 350, false, 4);

  -- Stall lineup: flagship Saturday (Jun 13) gets the full new roster; the
  -- upcoming Saturday (Jun 20) gets a representative subset.
  insert into vendor_schedule (vendor_id, market_date_id, status, stalls, note) values
    ('a0000000-0000-4000-8000-000000000024', '33330000-0000-4000-8000-000000000001', 'confirmed', '{A2}',  null),
    ('a0000000-0000-4000-8000-000000000025', '33330000-0000-4000-8000-000000000001', 'confirmed', '{A4}',  null),
    ('a0000000-0000-4000-8000-000000000026', '33330000-0000-4000-8000-000000000001', 'confirmed', '{A5}',  null),
    ('a0000000-0000-4000-8000-000000000027', '33330000-0000-4000-8000-000000000001', 'confirmed', '{A6}',  null),
    ('a0000000-0000-4000-8000-000000000028', '33330000-0000-4000-8000-000000000001', 'confirmed', '{A7}',  null),
    ('a0000000-0000-4000-8000-000000000029', '33330000-0000-4000-8000-000000000001', 'confirmed', '{A9}',  null),
    ('a0000000-0000-4000-8000-000000000030', '33330000-0000-4000-8000-000000000001', 'confirmed', '{A10}', null),
    ('a0000000-0000-4000-8000-000000000031', '33330000-0000-4000-8000-000000000001', 'confirmed', '{B1}',  null),
    ('a0000000-0000-4000-8000-000000000032', '33330000-0000-4000-8000-000000000001', 'confirmed', '{B2}',  null),
    ('a0000000-0000-4000-8000-000000000033', '33330000-0000-4000-8000-000000000001', 'confirmed', '{C6}',  null),
    ('a0000000-0000-4000-8000-000000000034', '33330000-0000-4000-8000-000000000001', 'confirmed', '{C7}',  null),
    ('a0000000-0000-4000-8000-000000000035', '33330000-0000-4000-8000-000000000001', 'confirmed', '{C8}',  null),
    ('a0000000-0000-4000-8000-000000000036', '33330000-0000-4000-8000-000000000001', 'confirmed', '{D3}',  null),
    ('a0000000-0000-4000-8000-000000000037', '33330000-0000-4000-8000-000000000001', 'confirmed', '{D4}',  null),
    ('a0000000-0000-4000-8000-000000000024', '33330000-0000-4000-8000-000000000002', 'confirmed', '{A2}',  null),
    ('a0000000-0000-4000-8000-000000000025', '33330000-0000-4000-8000-000000000002', 'confirmed', '{A4}',  null),
    ('a0000000-0000-4000-8000-000000000026', '33330000-0000-4000-8000-000000000002', 'confirmed', '{A5}',  null),
    ('a0000000-0000-4000-8000-000000000028', '33330000-0000-4000-8000-000000000002', 'confirmed', '{A7}',  null),
    ('a0000000-0000-4000-8000-000000000029', '33330000-0000-4000-8000-000000000002', 'confirmed', '{A9}',  null),
    ('a0000000-0000-4000-8000-000000000033', '33330000-0000-4000-8000-000000000002', 'confirmed', '{C6}',  null),
    ('a0000000-0000-4000-8000-000000000036', '33330000-0000-4000-8000-000000000002', 'confirmed', '{D3}',  null),
    ('a0000000-0000-4000-8000-000000000037', '33330000-0000-4000-8000-000000000002', 'confirmed', '{D4}',  null);

  insert into vendor_offerings (vendor_id, week_of, headline, items, note) values
    ('a0000000-0000-4000-8000-000000000024', '2026-06-13', 'First summer squash',
     '{"Zucchini","Green beans","Cucumbers"}', null),
    ('a0000000-0000-4000-8000-000000000025', '2026-06-13', 'Hoop-house tomatoes',
     '{"Heirloom tomatoes","Sweet peppers","Basil"}', null),
    ('a0000000-0000-4000-8000-000000000026', '2026-06-13', 'Ginger kombucha on tap',
     '{"Ginger kombucha","Ginger beer","Switchel"}', 'Bring a growler for a refill.'),
    ('a0000000-0000-4000-8000-000000000029', '2026-06-13', 'Sea-salt caramels are back',
     '{"Sea-salt caramels","Dark chocolate bar","Truffle box"}', null),
    ('a0000000-0000-4000-8000-000000000033', '2026-06-13', 'Peak peony bouquets',
     '{"Peony bouquet","Sweet pea posy"}', null),
    ('a0000000-0000-4000-8000-000000000036', '2026-06-13', 'Berry crepes with market fruit',
     '{"Berry crepe","Ham & gruyère crepe"}', null),
    ('a0000000-0000-4000-8000-000000000037', '2026-06-13', 'First apricots & cherries',
     '{"Apricots","Cherries"}', null);

  insert into fees (vendor_id, period, description, amount_cents, status, due_date) values
    ('a0000000-0000-4000-8000-000000000026', 'June 2026', 'Stall fees',                  9000,  'due',  '2026-06-30'),
    ('a0000000-0000-4000-8000-000000000029', 'June 2026', 'Stall fees',                  6000,  'paid', '2026-06-10'),
    ('a0000000-0000-4000-8000-000000000033', 'June 2026', 'Stall fees',                  9000,  'due',  '2026-06-30'),
    ('a0000000-0000-4000-8000-000000000036', 'June 2026', 'Stall fees — food vendor',    12000, 'due',  '2026-06-30');

  -- ── Service / art / tree vendors (38–42) ──
  insert into vendor_products (vendor_id, name, category, unit, price_cents, in_season, sort) values
    ('a0000000-0000-4000-8000-000000000038', 'Knife sharpening', 'Service', 'blade', 600, true, 1),
    ('a0000000-0000-4000-8000-000000000038', 'Scissor sharpening', 'Service', 'pair', 800, true, 2),
    ('a0000000-0000-4000-8000-000000000038', 'Garden tool sharpening', 'Service', 'each', 1000, true, 3),
    ('a0000000-0000-4000-8000-000000000038', 'Axe & hatchet', 'Service', 'each', 1200, true, 4),
    ('a0000000-0000-4000-8000-000000000039', 'Flat-tire fix', 'Service', 'each', 1500, true, 1),
    ('a0000000-0000-4000-8000-000000000039', 'Basic tune-up', 'Service', 'each', 4000, true, 2),
    ('a0000000-0000-4000-8000-000000000039', 'Brake adjustment', 'Service', 'each', 2000, true, 3),
    ('a0000000-0000-4000-8000-000000000039', 'Chain lube', 'Service', 'each', 800, true, 4),
    ('a0000000-0000-4000-8000-000000000040', '10-min chair massage', 'Service', 'session', 1500, true, 1),
    ('a0000000-0000-4000-8000-000000000040', '20-min chair massage', 'Service', 'session', 2800, true, 2),
    ('a0000000-0000-4000-8000-000000000040', '30-min chair massage', 'Service', 'session', 4000, true, 3),
    ('a0000000-0000-4000-8000-000000000041', 'Linocut print', 'Art', 'each', 3500, true, 1),
    ('a0000000-0000-4000-8000-000000000041', 'Watercolor print', 'Art', 'each', 2500, true, 2),
    ('a0000000-0000-4000-8000-000000000041', 'Greeting cards (set)', 'Art', 'set', 1500, true, 3),
    ('a0000000-0000-4000-8000-000000000041', 'Original painting', 'Art', 'each', 12000, false, 4),
    ('a0000000-0000-4000-8000-000000000042', 'Semi-dwarf apple tree', 'Plant', 'each', 3500, true, 1),
    ('a0000000-0000-4000-8000-000000000042', 'Fruiting fig', 'Plant', 'each', 3000, true, 2),
    ('a0000000-0000-4000-8000-000000000042', 'Native red maple', 'Plant', 'each', 4000, true, 3),
    ('a0000000-0000-4000-8000-000000000042', 'Blueberry bush', 'Plant', 'each', 1800, true, 4);

  -- Booths on both Saturdays (free cells C1–C4, D5).
  insert into vendor_schedule (vendor_id, market_date_id, status, stalls, note) values
    ('a0000000-0000-4000-8000-000000000038', '33330000-0000-4000-8000-000000000001', 'confirmed', '{C1}', null),
    ('a0000000-0000-4000-8000-000000000039', '33330000-0000-4000-8000-000000000001', 'confirmed', '{C2}', null),
    ('a0000000-0000-4000-8000-000000000040', '33330000-0000-4000-8000-000000000001', 'confirmed', '{C3}', null),
    ('a0000000-0000-4000-8000-000000000041', '33330000-0000-4000-8000-000000000001', 'confirmed', '{C4}', null),
    ('a0000000-0000-4000-8000-000000000042', '33330000-0000-4000-8000-000000000001', 'confirmed', '{D5}', null),
    ('a0000000-0000-4000-8000-000000000038', '33330000-0000-4000-8000-000000000002', 'confirmed', '{C1}', null),
    ('a0000000-0000-4000-8000-000000000039', '33330000-0000-4000-8000-000000000002', 'confirmed', '{C2}', null),
    ('a0000000-0000-4000-8000-000000000040', '33330000-0000-4000-8000-000000000002', 'confirmed', '{C3}', null),
    ('a0000000-0000-4000-8000-000000000041', '33330000-0000-4000-8000-000000000002', 'confirmed', '{C4}', null),
    ('a0000000-0000-4000-8000-000000000042', '33330000-0000-4000-8000-000000000002', 'confirmed', '{D5}', null);

  insert into fees (vendor_id, period, description, amount_cents, status, due_date) values
    ('a0000000-0000-4000-8000-000000000038', 'June 2026', 'Booth fee', 4000, 'paid', '2026-06-10'),
    ('a0000000-0000-4000-8000-000000000041', 'June 2026', 'Booth fee', 6000, 'due',  '2026-06-30');
end $seed$;

-- Internal loader: not callable directly over the API.
revoke all on function _load_demo_data() from public;

-- Public reset entry point — only the Platform Owner (superadmin) may run it.
create or replace function reset_demo() returns void
  language plpgsql security definer set search_path = public as $$
begin
  if not is_superadmin() then
    raise exception 'Only the platform owner can reset the demo.';
  end if;
  perform _load_demo_data();
end $$;

grant execute on function reset_demo() to authenticated;
